/* 
 * NOTE !!!!!!!!
 *  When adding the below to SQL Fiddle, I'm getting the following error: Request content too large (>8000)
 */

/* Use This file to run in SQL Fiddle to set up the Schema */
/* Table: user
 * This table has basic user information
 * Insert some basic recoråds
 */
create table if not exists users (
  id int(6) unsigned not null
  ,email varchar(200) not null
  ,first_name varchar(50) not null
  ,last_name varchar(50) not null
  ,primary key (id)
) default charset=utf8
;
insert into users (id, email, first_name, last_name) 
values
  (1,'email01@gmail.com','Esmay','Edmonds')
  ,(2,'email02@gmail.com','Jayden-James','Galvan')
  ,(3,'email03@gmail.com','Arfa','Andrews')
  ,(4,'email04@gmail.com','Yunus','Dennis')
  ,(5,'email05@gmail.com','Garrett','Southern')
  ,(6,'email06@gmail.com','Harpreet','Deacon')
  ,(7,'email07@gmail.com','Kacey','Cummings')
  ,(8,'email08@gmail.com','Tamia','Stott')
  ,(9,'email09@gmail.com','Izabela','Waters')
  ,(10,'email10@gmail.com','Jiya','Drew')
  ,(11,'email11@gmail.com','Mayur','Naylor')
  ,(12,'email12@gmail.com','Taha','Colon')
  ,(13,'email13@gmail.com','Shaquille','Lang')
  ,(14,'email14@gmail.com','Brenda','Fox')
  ,(15,'email15@gmail.com','Ameen','Martinez')
  ,(16,'email16@gmail.com','Ansh','Flower')
  ,(17,'email17@gmail.com','Arfa','Corrigan')
  ,(18,'email18@gmail.com','Luc','Jaramillo')
  ,(19,'email19@gmail.com','Johnnie','Chambers')
  ,(20,'email20@gmail.com','Samir','Dodd')
  ,(21,'email21@gmail.com','Marcus','Moore')
  ,(22,'email22@gmail.com','Merlin','Rubio')
  ,(23,'email23@gmail.com','Ajwa','Hammond')
  ,(24,'email24@gmail.com','Florrie','Fitzpatrick')
  ,(25,'email25@gmail.com','Valentina','Winters')
  ,(26,'email26@gmail.com','Prince','Cunningham')
  ,(27,'email27@gmail.com','Harris','Gentry')
  ,(28,'email28@gmail.com','Phillippa','Swanson')
  ,(29,'email29@gmail.com','Taya','Garrett')
  ,(30,'email30@gmail.com','Emir','Glass')
  ,(31,'email31@gmail.com','Sabah','Legge')
  ,(32,'email32@gmail.com','Finley','Huang')
  ,(33,'email33@gmail.com','Izzy','Bailey')
  ,(34,'email34@gmail.com','Marni','Wormald')
  ,(35,'email35@gmail.com','Cairo','Carpenter')
  ,(36,'email36@gmail.com','Clyde','Amos')
  ,(37,'email37@gmail.com','Niko','Nguyen')
  ,(38,'email38@gmail.com','Rhona','Avila')
  ,(39,'email39@gmail.com','Caolan','Hull')
  ,(40,'email40@gmail.com','Sami','Howarth')
  ,(41,'email41@gmail.com','Estelle','Pineda')
  ,(42,'email42@gmail.com','Abdurrahman','Mcdowell')
  ,(43,'email43@gmail.com','Jai','Hunt')
  ,(44,'email44@gmail.com','Yuvraj','Chavez')
  ,(45,'email45@gmail.com','Anwar','Whitmore')
  ,(46,'email46@gmail.com','Jokubas','Alford')
  ,(47,'email47@gmail.com','Hollie','Li')
  ,(48,'email48@gmail.com','Oakley','Tang')
  ,(49,'email49@gmail.com','Aairah','Grant')
  ,(50,'email50@gmail.com','Kaiser','Donovan')
  ,(51,'email51@gmail.com','Emilio','Lindsey')
  ,(52,'email52@gmail.com','Nevaeh','Hutchings')
  ,(53,'email53@gmail.com','Syed','Mccallum')
  ,(54,'email54@gmail.com','Cathal','Doherty')
  ,(55,'email55@gmail.com','Habibah','Donnelly')
  ,(56,'email56@gmail.com','Christine','Barrett')
  ,(57,'email57@gmail.com','Penelope','Squires')
  ,(58,'email58@gmail.com','Glenda','Jacobson')
  ,(59,'email59@gmail.com','Aroush','Kerr')
  ,(60,'email60@gmail.com','Danial','Povey')
  ,(61,'email61@gmail.com','Blaine','Peacock')
  ,(62,'email62@gmail.com','Atif','Hill')
  ,(63,'email63@gmail.com','Wayne','Roach')
  ,(64,'email64@gmail.com','Suleman','Duke')
  ,(65,'email65@gmail.com','Felicia','Huber')
  ,(66,'email66@gmail.com','Avi','Snyder')
  ,(67,'email67@gmail.com','Nayla','Wilder')
  ,(68,'email68@gmail.com','Rhea','Dickerson')
  ,(69,'email69@gmail.com','Musab','Portillo')
  ,(70,'email70@gmail.com','Lex','Watson')
  ,(71,'email71@gmail.com','Aislinn','Rogers')
  ,(72,'email72@gmail.com','Drew','Dunlap')
  ,(73,'email73@gmail.com','Cherish','Velez')
  ,(74,'email74@gmail.com','Ishika','Connelly')
  ,(75,'email75@gmail.com','Viktoria','Cartwright')
  ,(76,'email76@gmail.com','Aneesha','Gallagher')
  ,(77,'email77@gmail.com','Ariyan','Miles')
  ,(78,'email78@gmail.com','Leyla','Wainwright')
  ,(79,'email79@gmail.com','Filip','Mcpherson')
  ,(80,'email80@gmail.com','Samera','Mercer')
  ,(81,'email81@gmail.com','Rachael','Thorpe')
  ,(82,'email82@gmail.com','Hugh','Davey')
  ,(83,'email83@gmail.com','Bronwyn','Ponce')
  ,(84,'email84@gmail.com','Abdirahman','Wharton')
  ,(85,'email85@gmail.com','Oliwier','Burns')
  ,(86,'email86@gmail.com','Victoria','Espinosa')
  ,(87,'email87@gmail.com','Maisy','Haley')
  ,(88,'email88@gmail.com','Krystian','Pace')
  ,(89,'email89@gmail.com','Rosemary','Paine')
  ,(90,'email90@gmail.com','Conah','Stewart')
  ,(91,'email91@gmail.com','Jan','Shaw')
  ,(92,'email92@gmail.com','Liya','Edge')
  ,(93,'email93@gmail.com','Walid','Davila')
  ,(94,'email94@gmail.com','Ernie','Robles')
  ,(95,'email95@gmail.com','Tyrone','Fritz')
  ,(96,'email96@gmail.com','Dione','Howells')
  ,(97,'email97@gmail.com','Micheal','Knowles')
  ,(98,'email98@gmail.com','Nial','Edmonds')
  ,(99,'email99@gmail.com','John-Paul','Herring')
  ,(100,'email100@gmail.com','Dawson','Wang')
  ,(101,'email101@gmail.com','Carrie','Piper')
  ,(102,'email102@gmail.com','Nishat','Hopper')
  ,(103,'email103@gmail.com','Kristian','Farmer')
  ,(104,'email104@gmail.com','Priya','Kumar')
  ,(105,'email105@gmail.com','Valentino','Ramirez')
  ,(106,'email106@gmail.com','Eduardo','Sloan')
  ,(107,'email107@gmail.com','Yvonne','Clayton')
  ,(108,'email108@gmail.com','Ayaana','Carey')
  ,(109,'email109@gmail.com','Malika','Colley')
  ,(110,'email110@gmail.com','Parker','Lott')
  ,(111,'email111@gmail.com','Evie-Grace','Betts')
  ,(112,'email112@gmail.com','Tomasz','Key')
  ,(113,'email113@gmail.com','Oran','Spears')
  ,(114,'email114@gmail.com','Chaya','Parks')
  ,(115,'email115@gmail.com','Abel','Burks')
  ,(116,'email116@gmail.com','Elen','Jensen')
  ,(117,'email117@gmail.com','Conall','Durham')
  ,(118,'email118@gmail.com','Shanay','Ratcliffe')
  ,(119,'email119@gmail.com','Kaycee','Weiss')
  ,(120,'email120@gmail.com','Aaran','Ochoa')
  ,(121,'email121@gmail.com','Noor','Ramirez')
  ,(122,'email122@gmail.com','Allana','Clemons')
  ,(123,'email123@gmail.com','Valerie','Newman')
  ,(124,'email124@gmail.com','Mike','Bull')
  ,(125,'email125@gmail.com','Mahima','Huynh')
  ,(126,'email126@gmail.com','Byron','Berger')
  ,(127,'email127@gmail.com','Rex','Thorpe')
  ,(128,'email128@gmail.com','Tyreese','Petty')
  ,(129,'email129@gmail.com','Rohan','Mcdowell')
  ,(130,'email130@gmail.com','Donnell','Coles')
  ,(131,'email131@gmail.com','Cristian','Gardner')
  ,(132,'email132@gmail.com','Stanislaw','Cobb')
  ,(133,'email133@gmail.com','Kaydon','Rankin')
  ,(134,'email134@gmail.com','Amelia','Thatcher')
  ,(135,'email135@gmail.com','Samanta','Brandt')
  ,(136,'email136@gmail.com','Muhamed','Hays')
  ,(137,'email137@gmail.com','Evie','Garza')
  ,(138,'email138@gmail.com','Kiara','Hopkins')
  ,(139,'email139@gmail.com','Rajan','Hubbard')
  ,(140,'email140@gmail.com','Dillan','Callaghan')
  ,(141,'email141@gmail.com','Scarlette','Juarez')
  ,(142,'email142@gmail.com','Faiza','Foster')
  ,(143,'email143@gmail.com','Tina','Buck')
  ,(144,'email144@gmail.com','Eathan','Schofield')
  ,(145,'email145@gmail.com','Jorgie','Aguirre')
  ,(146,'email146@gmail.com','Katharine','Sharples')
  ,(147,'email147@gmail.com','Rudi','Huff')
  ,(148,'email148@gmail.com','Sabrina','Browne')
  ,(149,'email149@gmail.com','Maha','Bowers')
  ,(150,'email150@gmail.com','Lavinia','Booth')
  ,(151,'email151@gmail.com','Rosalie','Beasley')
  ,(152,'email152@gmail.com','Jadene','Waller')
  ,(153,'email153@gmail.com','Edan','Strickland')
  ,(154,'email154@gmail.com','Alyce','Woodard')
  ,(155,'email155@gmail.com','Ruben','Orozco')
  ,(156,'email156@gmail.com','Toby','Traynor')
  ,(157,'email157@gmail.com','Bear','Burrows')
  ,(158,'email158@gmail.com','Scarlett-Rose','Campbell')
  ,(159,'email159@gmail.com','Nakita','Cassidy')
  ,(160,'email160@gmail.com','Malik','Draper')
  ,(161,'email161@gmail.com','Khalid','Owen')
  ,(162,'email162@gmail.com','Bella-Rose','Munro')
  ,(163,'email163@gmail.com','Maeve','Webster')
  ,(164,'email164@gmail.com','Ralphie','Mcnamara')
  ,(165,'email165@gmail.com','Anne','French')
  ,(166,'email166@gmail.com','Malia','Griffin')
  ,(167,'email167@gmail.com','Rimsha','Avery')
  ,(168,'email168@gmail.com','Graham','Bernard')
  ,(169,'email169@gmail.com','Ifan','Hirst')
  ,(170,'email170@gmail.com','Reggie','Alston')
  ,(171,'email171@gmail.com','Taliyah','Oakley')
  ,(172,'email172@gmail.com','Meredith','Beattie')
  ,(173,'email173@gmail.com','Maisey','Murphy')
  ,(174,'email174@gmail.com','Zena','Turnbull')
  ,(175,'email175@gmail.com','Raisa','Holcomb')
  ,(176,'email176@gmail.com','Mea','Pena')
  ,(177,'email177@gmail.com','Ibraheem','Holman')
  ,(178,'email178@gmail.com','Michele','Macfarlane')
  ,(179,'email179@gmail.com','Kameron','Mccormack')
  ,(180,'email180@gmail.com','Conner','Nixon')
  ,(181,'email181@gmail.com','Britney','Holloway')
  ,(182,'email182@gmail.com','Tania','Lucero')
  ,(183,'email183@gmail.com','Debbie','Patel')
  ,(184,'email184@gmail.com','Akash','Healy')
  ,(185,'email185@gmail.com','Kunal','Ewing')
  ,(186,'email186@gmail.com','Nazim','Foreman')
  ,(187,'email187@gmail.com','Kelsie','Payne')
  ,(188,'email188@gmail.com','Aron','Taylor')
  ,(189,'email189@gmail.com','Kwame','Wolfe')
  ,(190,'email190@gmail.com','Laaibah','Floyd')
  ,(191,'email191@gmail.com','Olivia-Mae','Gutierrez')
  ,(192,'email192@gmail.com','Octavia','Sutherland')
  ,(193,'email193@gmail.com','Shania','Ingram')
  ,(194,'email194@gmail.com','Sheena','Hardin')
  ,(195,'email195@gmail.com','Clodagh','Choi')
  ,(196,'email196@gmail.com','Huzaifa','Franco')
  ,(197,'email197@gmail.com','Rueben','Workman')
  ,(198,'email198@gmail.com','Cecelia','Tait')
  ,(199,'email199@gmail.com','Zoey','Cardenas')
  ,(200,'email200@gmail.com','Kayleigh','Madden')
  ,(201,'email201@gmail.com','Ray','Bouvet')
  ,(202,'email202@gmail.com','Jordanna','Moore')
  ,(203,'email203@gmail.com','Eleri','Wall')
  ,(204,'email204@gmail.com','Azeem','Cole')
  ,(205,'email205@gmail.com','Milli','Noble')
  ,(206,'email206@gmail.com','Raj','Velazquez')
  ,(207,'email207@gmail.com','Arooj','Morin')
  ,(208,'email208@gmail.com','Eddison','Bonilla')
  ,(209,'email209@gmail.com','Fionn','Preece')
  ,(210,'email210@gmail.com','Safwan','Curry')
  ,(211,'email211@gmail.com','Bob','Mcarthur')
  ,(212,'email212@gmail.com','Nimrah','Blackmore')
  ,(213,'email213@gmail.com','Haya','Espinoza')
  ,(214,'email214@gmail.com','Layan','Betts')
  ,(215,'email215@gmail.com','Bartlomiej','Drew')
  ,(216,'email216@gmail.com','Antoni','Doherty')
  ,(217,'email217@gmail.com','Briony','Avalos')
  ,(218,'email218@gmail.com','Theodora','Trevino')
  ,(219,'email219@gmail.com','Vincent','Dalton')
  ,(220,'email220@gmail.com','Leanne','Shea')
  ,(221,'email221@gmail.com','Aurora','Nguyen')
  ,(222,'email222@gmail.com','Sumaiya','Allman')
  ,(223,'email223@gmail.com','Serena','Moon')
  ,(224,'email224@gmail.com','Rex','Mcdowell')
  ,(225,'email225@gmail.com','Georgia','Wolf')
  ,(226,'email226@gmail.com','Kasey','Padilla')
  ,(227,'email227@gmail.com','Nia','Noble')
  ,(228,'email228@gmail.com','Grover','Green')
  ,(229,'email229@gmail.com','Zahid','Clark')
  ,(230,'email230@gmail.com','Aden','Keeling')
  ,(231,'email231@gmail.com','Kasper','Farmer')
  ,(232,'email232@gmail.com','Aneeka','Cleveland')
  ,(233,'email233@gmail.com','Aya','Griffith')
  ,(234,'email234@gmail.com','Martyna','Devine')
  ,(235,'email235@gmail.com','Halle','Boyle')
  ,(236,'email236@gmail.com','Kamron','Wheeler')
  ,(237,'email237@gmail.com','Sulaiman','Mcgill')
  ,(238,'email238@gmail.com','Karen','Knott')
  ,(239,'email239@gmail.com','Woodrow','Pearce')
  ,(240,'email240@gmail.com','Maxwell','Odonnell')
  ,(241,'email241@gmail.com','Safa','Solis')
  ,(242,'email242@gmail.com','Lowri','Mcdonald')
  ,(243,'email243@gmail.com','Zi','Whitley')
  ,(244,'email244@gmail.com','Karim','Hampton')
  ,(245,'email245@gmail.com','Tiarna','Sloan')
  ,(246,'email246@gmail.com','Riaz','Howells')
  ,(247,'email247@gmail.com','Ellisha','Harwood')
  ,(248,'email248@gmail.com','Leonardo','Senior')
  ,(249,'email249@gmail.com','Sapphire','Gough')
  ,(250,'email250@gmail.com','Abdulrahman','Field')
;

/* Cart Table
 *  The basic purpose is to hosue any cart, processed or not
 * Cart Status = created, processed, error
 */
create table if not exists cart (
  id int(6) unsigned not null
  ,user_id int(6) unsigned not null
  ,cart_status varchar(10) not null
  ,cart_created_time timestamp not null
  ,cart_processed_time timestamp
  ,utm_source varchar(25)
  ,utm_medium varchar(25)
  ,utm_campaign varchar(25)
  ,primary key (id)
) default charset=utf8
;
/*
insert into cart (id, user_id, cart_status, cart_created_time, cart_processed_time, utm_source, utm_medium, utm_campaign) 
values 
  (1, 1, 'processed', '2020-02-07 16:48:10', '2020-02-07 16:52:19', 'website', 'organic', '2 for 1 deal')
  ,(2, 2, 'created', '2020-02-22 12:19:22', null, 'email', 'promoted', 'giveaway')
  ,(3, 3, 'processed', '2020-02-09 10:59:00', '2020-02-09 11:02:17', 'website', 'organic', '2 for 1 deal')
  ,(4, 4, 'processed', '2020-03-02 04:58:31', '2020-03-02 04:59:59', 'website', 'organic', '2 for 1 deal')
;
*/
insert into cart (id, user_id, cart_status, cart_created_time) 
values 
  (1,1,'processed','2020-01-01 15:47:41')
  ,(2,2,'processed','2020-01-01 20:52:42')
  ,(3,3,'processed','2020-01-02 11:46:45')
  ,(4,4,'processed','2020-01-03 13:27:58')
  ,(5,5,'processed','2020-01-04 11:40:34')
  ,(6,6,'processed','2020-01-08 23:40:15')
  ,(7,7,'processed','2020-01-09 15:13:43')
  ,(8,8,'processed','2020-01-17 01:16:29')
  ,(9,9,'processed','2020-01-17 02:35:29')
  ,(10,10,'processed','2020-01-18 11:54:45')
  ,(11,11,'processed','2020-01-18 12:52:35')
  ,(12,7,'processed','2020-01-20 07:34:07')
  ,(13,12,'processed','2020-01-20 07:57:39')
  ,(14,13,'processed','2020-01-21 22:16:40')
  ,(15,14,'processed','2020-01-23 06:47:47')
  ,(16,15,'processed','2020-01-23 12:14:56')
  ,(17,16,'processed','2020-01-23 16:16:58')
  ,(18,17,'processed','2020-01-23 16:24:12')
  ,(19,18,'processed','2020-01-24 00:48:37')
  ,(20,19,'processed','2020-01-27 13:52:16')
  ,(21,20,'processed','2020-01-29 00:17:00')
  ,(22,3,'processed','2020-01-29 11:52:01')
  ,(23,21,'processed','2020-01-29 20:47:33')
  ,(24,22,'processed','2020-01-30 23:05:57')
  ,(25,23,'processed','2020-01-31 02:52:19')
  ,(26,24,'processed','2020-01-31 17:36:19')
  ,(27,24,'processed','2020-02-01 05:32:54')
  ,(28,2,'processed','2020-02-02 11:02:30')
  ,(29,25,'processed','2020-02-03 03:42:23')
  ,(30,26,'processed','2020-02-04 01:25:43')
  ,(31,27,'processed','2020-02-05 19:34:06')
  ,(32,28,'processed','2020-02-06 00:44:06')
  ,(33,29,'processed','2020-02-07 11:56:36')
  ,(34,30,'processed','2020-02-12 13:07:29')
  ,(35,31,'processed','2020-02-12 19:11:49')
  ,(36,32,'processed','2020-02-13 11:38:48')
  ,(37,33,'processed','2020-02-14 10:00:42')
  ,(38,34,'processed','2020-02-14 11:36:22')
  ,(39,35,'processed','2020-02-14 18:20:42')
  ,(40,36,'processed','2020-02-16 08:24:30')
  ,(41,37,'processed','2020-02-16 22:17:18')
  ,(42,38,'processed','2020-02-18 20:15:01')
  ,(43,39,'processed','2020-02-23 22:00:07')
  ,(44,40,'processed','2020-02-26 08:19:24')
  ,(45,41,'processed','2020-02-26 11:24:52')
  ,(46,42,'processed','2020-02-26 23:11:07')
  ,(47,43,'processed','2020-02-27 07:20:32')
  ,(48,44,'processed','2020-02-27 16:35:21')
  ,(49,45,'processed','2020-02-28 14:17:09')
  ,(50,46,'processed','2020-03-02 13:01:23')
  ,(51,47,'processed','2020-03-03 13:15:29')
  ,(52,48,'processed','2020-03-03 22:49:51')
  ,(53,49,'processed','2020-03-04 07:04:56')
  ,(54,5,'processed','2020-03-07 03:18:00')
  ,(55,50,'processed','2020-03-08 14:12:06')
  ,(56,51,'processed','2020-03-11 19:52:44')
  ,(57,52,'processed','2020-03-12 10:44:33')
  ,(58,21,'processed','2020-03-15 10:03:35')
  ,(59,53,'processed','2020-03-15 11:21:00')
  ,(60,54,'processed','2020-03-16 14:18:05')
  ,(61,55,'processed','2020-03-17 03:03:06')
  ,(62,7,'processed','2020-03-17 13:22:05')
  ,(63,56,'processed','2020-03-19 16:08:17')
  ,(64,57,'processed','2020-03-22 01:08:18')
  ,(65,58,'processed','2020-03-22 19:29:36')
  ,(66,59,'processed','2020-03-23 05:33:52')
  ,(67,60,'processed','2020-03-24 06:11:27')
  ,(68,29,'processed','2020-03-25 05:46:06')
  ,(69,61,'processed','2020-03-26 15:52:23')
  ,(70,35,'processed','2020-03-27 10:00:37')
  ,(71,19,'processed','2020-03-27 16:21:45')
  ,(72,45,'processed','2020-03-27 22:01:37')
  ,(73,62,'processed','2020-03-29 00:48:43')
  ,(74,24,'processed','2020-04-01 05:38:32')
  ,(75,62,'processed','2020-04-02 19:57:14')
  ,(76,4,'processed','2020-04-03 22:54:03')
  ,(77,63,'processed','2020-04-06 04:38:00')
  ,(78,64,'processed','2020-04-07 12:23:02')
  ,(79,65,'processed','2020-04-08 16:30:56')
  ,(80,66,'processed','2020-04-09 12:16:38')
  ,(81,7,'processed','2020-04-10 19:40:10')
  ,(82,67,'processed','2020-04-11 18:12:50')
  ,(83,68,'processed','2020-04-13 03:52:48')
  ,(84,69,'processed','2020-04-13 11:23:37')
  ,(85,70,'processed','2020-04-13 15:27:17')
  ,(86,71,'processed','2020-04-14 16:15:39')
  ,(87,72,'processed','2020-04-14 17:20:55')
  ,(88,73,'processed','2020-04-15 18:33:23')
  ,(89,74,'processed','2020-04-17 09:59:24')
  ,(90,75,'processed','2020-04-17 13:52:52')
  ,(91,76,'processed','2020-04-17 23:00:52')
  ,(92,77,'processed','2020-04-18 11:09:12')
  ,(93,78,'processed','2020-04-21 06:11:56')
  ,(94,12,'processed','2020-04-21 07:09:47')
  ,(95,37,'processed','2020-04-21 21:43:17')
  ,(96,30,'processed','2020-04-22 14:10:29')
  ,(97,79,'processed','2020-04-24 04:23:23')
  ,(98,32,'processed','2020-04-24 09:25:01')
  ,(99,80,'processed','2020-04-25 02:10:02')
  ,(100,81,'processed','2020-04-25 10:00:10')
  ,(101,20,'processed','2020-04-29 18:26:44')
  ,(102,82,'processed','2020-04-30 18:06:27')
  ,(103,82,'processed','2020-05-02 03:39:43')
  ,(104,58,'processed','2020-05-03 04:27:30')
  ,(105,82,'processed','2020-05-03 08:22:56')
  ,(106,83,'processed','2020-05-04 21:16:35')
  ,(107,84,'processed','2020-05-05 21:11:37')
  ,(108,85,'processed','2020-05-06 13:31:59')
  ,(109,33,'processed','2020-05-07 11:19:50')
  ,(110,86,'processed','2020-05-08 03:33:00')
  ,(111,87,'processed','2020-05-08 13:54:57')
  ,(112,73,'processed','2020-05-09 09:12:20')
  ,(113,88,'processed','2020-05-09 15:48:14')
  ,(114,89,'processed','2020-05-13 09:44:24')
  ,(115,90,'processed','2020-05-13 15:04:06')
  ,(116,90,'processed','2020-05-14 03:22:54')
  ,(117,91,'processed','2020-05-14 21:34:38')
  ,(118,46,'processed','2020-05-15 04:31:52')
  ,(119,92,'processed','2020-05-16 18:19:20')
  ,(120,49,'processed','2020-05-16 18:42:46')
  ,(121,93,'processed','2020-05-17 08:27:49')
  ,(122,94,'processed','2020-05-18 04:41:32')
  ,(123,38,'processed','2020-05-18 12:49:36')
  ,(124,94,'processed','2020-05-18 17:10:05')
  ,(125,95,'processed','2020-05-19 05:24:42')
  ,(126,96,'processed','2020-05-20 16:37:13')
  ,(127,97,'processed','2020-05-20 20:02:59')
  ,(128,98,'processed','2020-05-21 23:38:27')
  ,(129,99,'processed','2020-05-22 10:38:58')
  ,(130,100,'processed','2020-05-23 05:06:03')
  ,(131,101,'processed','2020-05-27 22:30:32')
  ,(132,78,'processed','2020-05-29 00:44:36')
  ,(133,92,'processed','2020-05-29 20:03:17')
  ,(134,88,'processed','2020-06-01 17:32:54')
  ,(135,102,'processed','2020-06-04 13:36:55')
  ,(136,103,'processed','2020-06-04 14:55:58')
  ,(137,104,'processed','2020-06-04 20:16:17')
  ,(138,26,'processed','2020-06-04 23:47:50')
  ,(139,105,'processed','2020-06-05 00:09:41')
  ,(140,78,'processed','2020-06-05 17:35:03')
  ,(141,91,'processed','2020-06-07 01:28:48')
  ,(142,106,'processed','2020-06-07 05:40:02')
  ,(143,107,'processed','2020-06-08 03:19:04')
  ,(144,108,'processed','2020-06-08 09:51:05')
  ,(145,108,'processed','2020-06-11 02:53:22')
  ,(146,109,'processed','2020-06-12 19:39:23')
  ,(147,110,'processed','2020-06-12 21:54:38')
  ,(148,111,'processed','2020-06-13 13:19:28')
  ,(149,112,'processed','2020-06-14 20:30:48')
  ,(150,112,'processed','2020-06-15 02:18:12')
  ,(151,39,'processed','2020-06-15 22:07:38')
  ,(152,113,'processed','2020-06-16 03:09:46')
  ,(153,81,'processed','2020-06-16 03:43:47')
  ,(154,23,'processed','2020-06-16 05:10:49')
  ,(155,101,'processed','2020-06-17 15:27:54')
  ,(156,114,'processed','2020-06-17 19:00:11')
  ,(157,55,'processed','2020-06-19 05:04:13')
  ,(158,115,'processed','2020-06-19 14:44:44')
  ,(159,116,'processed','2020-06-19 20:06:33')
  ,(160,117,'processed','2020-06-20 11:53:57')
  ,(161,118,'processed','2020-06-20 21:43:51')
  ,(162,72,'processed','2020-06-21 18:47:41')
  ,(163,13,'processed','2020-06-22 11:41:41')
  ,(164,77,'processed','2020-06-24 22:14:35')
  ,(165,119,'processed','2020-06-25 22:45:43')
  ,(166,120,'processed','2020-06-26 14:36:58')
  ,(167,50,'processed','2020-06-26 19:45:07')
  ,(168,121,'processed','2020-06-26 21:03:51')
  ,(169,62,'processed','2020-06-27 04:49:45')
  ,(170,86,'processed','2020-06-27 06:51:45')
  ,(171,100,'processed','2020-06-27 09:08:39')
  ,(172,122,'processed','2020-06-27 14:53:39')
  ,(173,85,'processed','2020-06-27 23:57:21')
  ,(174,47,'processed','2020-06-28 19:11:34')
  ,(175,122,'processed','2020-06-29 09:47:09')
  ,(176,123,'processed','2020-06-30 01:13:20')
  ,(177,123,'processed','2020-07-01 20:05:14')
  ,(178,124,'processed','2020-07-02 22:26:03')
  ,(179,125,'processed','2020-07-04 18:03:03')
  ,(180,126,'processed','2020-07-04 22:31:08')
  ,(181,105,'processed','2020-07-06 06:18:16')
  ,(182,28,'processed','2020-07-06 06:54:36')
  ,(183,127,'processed','2020-07-07 09:50:01')
  ,(184,56,'processed','2020-07-08 19:11:16')
  ,(185,50,'processed','2020-07-08 20:27:00')
  ,(186,128,'processed','2020-07-08 20:46:20')
  ,(187,129,'processed','2020-07-08 21:47:50')
  ,(188,130,'processed','2020-07-09 01:14:28')
  ,(189,24,'processed','2020-07-09 19:13:51')
  ,(190,77,'processed','2020-07-09 21:17:08')
  ,(191,131,'processed','2020-07-11 18:43:50')
  ,(192,132,'processed','2020-07-11 23:58:12')
  ,(193,82,'processed','2020-07-12 11:14:17')
  ,(194,88,'processed','2020-07-12 17:41:15')
  ,(195,133,'processed','2020-07-13 09:27:26')
  ,(196,134,'processed','2020-07-15 10:20:02')
  ,(197,135,'processed','2020-07-15 15:02:20')
  ,(198,7,'processed','2020-07-16 06:08:02')
  ,(199,136,'processed','2020-07-17 01:30:53')
  ,(200,92,'processed','2020-07-17 04:39:59')
  ,(201,137,'processed','2020-07-18 03:18:42')
  ,(202,138,'processed','2020-07-18 10:17:55')
  ,(203,139,'processed','2020-07-18 11:12:07')
  ,(204,140,'processed','2020-07-18 20:25:10')
  ,(205,60,'processed','2020-07-18 22:52:39')
  ,(206,123,'processed','2020-07-20 20:27:20')
  ,(207,118,'processed','2020-07-20 23:17:11')
  ,(208,141,'processed','2020-07-21 12:48:06')
  ,(209,118,'processed','2020-07-22 06:50:57')
  ,(210,110,'processed','2020-07-23 11:03:08')
  ,(211,142,'processed','2020-07-25 00:36:39')
  ,(212,50,'processed','2020-07-25 06:20:35')
  ,(213,18,'processed','2020-07-26 15:52:51')
  ,(214,90,'processed','2020-07-26 18:05:43')
  ,(215,143,'processed','2020-07-28 10:29:22')
  ,(216,144,'processed','2020-07-28 11:34:36')
  ,(217,145,'processed','2020-07-30 07:16:41')
  ,(218,146,'processed','2020-07-31 08:46:14')
  ,(219,124,'processed','2020-08-03 14:10:20')
  ,(220,146,'processed','2020-08-04 02:32:31')
  ,(221,39,'processed','2020-08-04 02:34:30')
  ,(222,125,'processed','2020-08-04 21:29:01')
  ,(223,126,'processed','2020-08-05 04:16:25')
  ,(224,26,'processed','2020-08-05 08:26:26')
  ,(225,100,'processed','2020-08-05 11:33:45')
  ,(226,112,'processed','2020-08-05 20:18:44')
  ,(227,30,'processed','2020-08-07 16:28:29')
  ,(228,122,'processed','2020-08-09 11:59:39')
  ,(229,147,'processed','2020-08-10 15:52:07')
  ,(230,148,'processed','2020-08-10 21:07:42')
  ,(231,132,'processed','2020-08-12 20:39:49')
  ,(232,24,'processed','2020-08-12 22:28:42')
  ,(233,149,'processed','2020-08-13 09:22:35')
  ,(234,150,'processed','2020-08-13 14:13:48')
  ,(235,151,'processed','2020-08-14 10:26:18')
  ,(236,141,'processed','2020-08-14 18:38:41')
  ,(237,122,'processed','2020-08-14 19:08:22')
  ,(238,133,'processed','2020-08-15 02:19:45')
  ,(239,152,'processed','2020-08-15 21:56:35')
  ,(240,135,'processed','2020-08-16 20:51:11')
  ,(241,153,'processed','2020-08-16 21:30:19')
  ,(242,154,'processed','2020-08-17 04:57:43')
  ,(243,101,'processed','2020-08-17 07:16:18')
  ,(244,155,'processed','2020-08-17 09:03:13')
  ,(245,156,'processed','2020-08-17 16:19:47')
  ,(246,106,'processed','2020-08-17 19:39:26')
  ,(247,78,'processed','2020-08-17 22:08:50')
  ,(248,93,'processed','2020-08-18 01:14:34')
  ,(249,157,'processed','2020-08-18 10:06:02')
  ,(250,140,'processed','2020-08-19 04:53:37')
  ,(251,34,'processed','2020-08-19 16:39:26')
  ,(252,116,'processed','2020-08-20 10:28:19')
  ,(253,117,'processed','2020-08-20 16:15:24')
  ,(254,108,'processed','2020-08-21 02:53:22')
  ,(255,49,'processed','2020-08-21 11:50:31')
  ,(256,141,'processed','2020-08-21 23:13:16')
  ,(257,50,'processed','2020-08-23 22:17:06')
  ,(258,141,'processed','2020-08-24 07:35:55')
  ,(259,142,'processed','2020-08-25 08:49:12')
  ,(260,118,'processed','2020-08-25 11:20:11')
  ,(261,158,'processed','2020-08-25 15:06:03')
  ,(262,158,'processed','2020-08-26 00:24:37')
  ,(263,18,'processed','2020-08-26 19:36:18')
  ,(264,142,'processed','2020-08-27 09:02:33')
  ,(265,133,'processed','2020-08-28 05:10:23')
  ,(266,19,'processed','2020-08-28 06:41:48')
  ,(267,158,'processed','2020-09-02 00:07:57')
  ,(268,159,'processed','2020-09-03 14:51:48')
  ,(269,160,'processed','2020-09-05 08:19:18')
  ,(270,161,'processed','2020-09-06 03:01:15')
  ,(271,162,'processed','2020-09-06 03:40:30')
  ,(272,163,'processed','2020-09-06 15:15:40')
  ,(273,163,'processed','2020-09-07 03:38:21')
  ,(274,164,'processed','2020-09-07 17:44:59')
  ,(275,165,'processed','2020-09-07 21:52:37')
  ,(276,166,'processed','2020-09-08 04:55:46')
  ,(277,167,'processed','2020-09-08 08:20:50')
  ,(278,168,'processed','2020-09-09 00:16:59')
  ,(279,169,'processed','2020-09-10 15:16:41')
  ,(280,170,'processed','2020-09-10 17:57:13')
  ,(281,171,'processed','2020-09-11 01:27:18')
  ,(282,172,'processed','2020-09-12 11:10:39')
  ,(283,172,'processed','2020-09-13 08:02:28')
  ,(284,173,'processed','2020-09-14 09:50:46')
  ,(285,174,'processed','2020-09-14 17:03:12')
  ,(286,175,'processed','2020-09-15 21:31:49')
  ,(287,176,'processed','2020-09-16 04:04:31')
  ,(288,177,'processed','2020-09-16 07:37:40')
  ,(289,178,'processed','2020-09-17 16:09:59')
  ,(290,179,'processed','2020-09-18 12:55:31')
  ,(291,180,'processed','2020-09-21 23:20:14')
  ,(292,181,'processed','2020-09-22 16:54:17')
  ,(293,182,'processed','2020-09-23 03:24:04')
  ,(294,183,'processed','2020-09-23 13:41:58')
  ,(295,183,'processed','2020-09-24 03:33:31')
  ,(296,184,'processed','2020-09-24 23:45:46')
  ,(297,184,'processed','2020-09-26 09:27:09')
  ,(298,185,'processed','2020-09-26 14:19:37')
  ,(299,186,'processed','2020-09-27 12:42:10')
  ,(300,187,'processed','2020-09-28 03:40:11')
  ,(301,188,'processed','2020-09-28 09:47:51')
  ,(302,189,'processed','2020-09-29 18:38:48')
  ,(303,189,'processed','2020-10-01 23:49:59')
  ,(304,190,'processed','2020-10-03 03:19:56')
  ,(305,191,'processed','2020-10-05 06:01:55')
  ,(306,192,'processed','2020-10-06 16:17:07')
  ,(307,193,'processed','2020-10-06 17:28:04')
  ,(308,194,'processed','2020-10-07 00:14:34')
  ,(309,163,'processed','2020-10-07 07:56:34')
  ,(310,146,'processed','2020-10-08 16:14:59')
  ,(311,194,'processed','2020-10-08 16:34:14')
  ,(312,195,'processed','2020-10-09 05:53:26')
  ,(313,148,'processed','2020-10-11 16:30:36')
  ,(314,150,'processed','2020-10-11 22:12:36')
  ,(315,145,'processed','2020-10-14 03:21:54')
  ,(316,183,'processed','2020-10-14 06:59:46')
  ,(317,157,'processed','2020-10-15 09:30:01')
  ,(318,196,'processed','2020-10-15 20:53:16')
  ,(319,141,'processed','2020-10-15 21:16:40')
  ,(320,197,'processed','2020-10-16 12:20:16')
  ,(321,198,'processed','2020-10-17 15:26:59')
  ,(322,178,'processed','2020-10-18 06:07:53')
  ,(323,166,'processed','2020-10-18 06:26:21')
  ,(324,162,'processed','2020-10-19 12:38:01')
  ,(325,199,'processed','2020-10-20 10:11:47')
  ,(326,200,'processed','2020-10-20 13:39:34')
  ,(327,201,'processed','2020-10-20 13:46:06')
  ,(328,202,'processed','2020-10-21 17:41:12')
  ,(329,203,'processed','2020-10-22 10:59:46')
  ,(330,204,'processed','2020-10-22 17:10:57')
  ,(331,205,'processed','2020-10-25 07:08:57')
  ,(332,150,'processed','2020-10-28 08:33:42')
  ,(333,146,'processed','2020-10-28 17:42:03')
  ,(334,189,'processed','2020-10-29 20:07:40')
  ,(335,206,'processed','2020-10-30 05:56:22')
  ,(336,158,'processed','2020-10-31 20:20:36')
  ,(337,207,'processed','2020-11-01 15:10:46')
  ,(338,207,'processed','2020-11-02 03:34:33')
  ,(339,207,'processed','2020-11-03 11:24:52')
  ,(340,173,'processed','2020-11-07 11:52:40')
  ,(341,174,'processed','2020-11-07 16:41:37')
  ,(342,208,'processed','2020-11-07 17:22:19')
  ,(343,209,'processed','2020-11-07 20:00:05')
  ,(344,210,'processed','2020-11-08 16:10:10')
  ,(345,211,'processed','2020-11-09 03:32:47')
  ,(346,195,'processed','2020-11-09 17:50:21')
  ,(347,212,'processed','2020-11-09 21:45:44')
  ,(348,213,'processed','2020-11-10 03:40:56')
  ,(349,174,'processed','2020-11-11 02:17:50')
  ,(350,214,'processed','2020-11-11 04:52:45')
  ,(351,191,'processed','2020-11-11 07:23:29')
  ,(352,180,'processed','2020-11-11 10:51:05')
  ,(353,183,'processed','2020-11-11 13:14:27')
  ,(354,172,'processed','2020-11-11 18:28:05')
  ,(355,215,'processed','2020-11-14 05:08:19')
  ,(356,216,'processed','2020-11-14 13:04:29')
  ,(357,217,'processed','2020-11-16 21:55:12')
  ,(358,146,'processed','2020-11-16 23:08:41')
  ,(359,194,'processed','2020-11-17 12:20:07')
  ,(360,218,'processed','2020-11-17 16:49:50')
  ,(361,179,'processed','2020-11-17 18:58:02')
  ,(362,219,'processed','2020-11-17 19:05:51')
  ,(363,220,'processed','2020-11-18 12:08:20')
  ,(364,168,'processed','2020-11-19 04:32:00')
  ,(365,198,'processed','2020-11-19 11:12:19')
  ,(366,221,'processed','2020-11-21 06:18:18')
  ,(367,202,'processed','2020-11-22 00:27:46')
  ,(368,222,'processed','2020-11-23 15:03:53')
  ,(369,125,'processed','2020-11-24 13:13:32')
  ,(370,223,'processed','2020-11-24 16:52:32')
  ,(371,224,'processed','2020-11-24 22:55:47')
  ,(372,225,'processed','2020-11-26 13:57:05')
  ,(373,226,'processed','2020-11-26 20:19:26')
  ,(374,175,'processed','2020-11-28 03:35:23')
  ,(375,227,'processed','2020-11-30 04:00:55')
  ,(376,228,'processed','2020-11-30 21:51:54')
  ,(377,229,'processed','2020-12-02 11:46:22')
  ,(378,230,'processed','2020-12-03 10:01:59')
  ,(379,231,'processed','2020-12-04 12:59:29')
  ,(380,232,'processed','2020-12-04 19:25:15')
  ,(381,200,'processed','2020-12-04 19:46:36')
  ,(382,233,'processed','2020-12-05 09:06:36')
  ,(383,234,'processed','2020-12-06 16:57:56')
  ,(384,235,'processed','2020-12-06 23:56:10')
  ,(385,97,'processed','2020-12-07 02:31:04')
  ,(386,64,'processed','2020-12-08 15:07:30')
  ,(387,236,'processed','2020-12-10 23:59:32')
  ,(388,237,'processed','2020-12-13 15:16:16')
  ,(389,238,'processed','2020-12-14 09:25:07')
  ,(390,105,'processed','2020-12-14 21:56:26')
  ,(391,117,'processed','2020-12-15 08:35:31')
  ,(392,167,'processed','2020-12-15 09:35:18')
  ,(393,159,'processed','2020-12-15 12:40:50')
  ,(394,210,'processed','2020-12-15 22:54:50')
  ,(395,224,'processed','2020-12-17 19:14:56')
  ,(396,239,'processed','2020-12-18 08:14:09')
  ,(397,210,'processed','2020-12-18 19:06:01')
  ,(398,240,'processed','2020-12-19 07:25:35')
  ,(399,111,'processed','2020-12-19 14:16:56')
  ,(400,105,'processed','2020-12-20 10:34:55')
  ,(401,65,'processed','2020-12-20 17:57:49')
  ,(402,241,'processed','2020-12-21 05:01:10')
  ,(403,242,'processed','2020-12-22 01:26:47')
  ,(404,243,'processed','2020-12-22 12:31:17')
  ,(405,32,'processed','2020-12-23 05:54:58')
  ,(406,56,'processed','2020-12-23 21:06:31')
  ,(407,78,'processed','2020-12-23 21:44:28')
  ,(408,96,'processed','2020-12-24 18:06:43')
  ,(409,54,'processed','2020-12-25 23:59:33')
  ,(410,244,'processed','2020-12-26 04:19:25')
  ,(411,245,'processed','2020-12-26 07:19:03')
  ,(412,246,'processed','2020-12-26 07:36:21')
  ,(413,165,'processed','2020-12-26 08:58:58')
  ,(414,97,'processed','2020-12-27 03:48:55')
  ,(415,247,'processed','2020-12-27 07:19:01')
  ,(416,45,'processed','2020-12-27 18:12:08')
  ,(417,76,'processed','2020-12-28 15:21:36')
  ,(418,248,'processed','2020-12-30 07:57:48')
  ,(419,249,'processed','2020-12-30 09:36:30')
  ,(420,250,'processed','2020-12-30 15:18:26')
;

/* Cart Item Table
 *  This table will list out all the items in the cart
 */
create table if not exists cart_item (
  id int(6) unsigned not null
  ,cart_id int(6) unsigned not null
  ,product varchar(50) not null
  ,revenue double not null
  ,discount double not null
  ,primary key (id)
) default charset=utf8
;
insert into cart_item (id, cart_id, product, revenue, discount)
values
  (1,1,'hat',10.99,0)
  ,(2,1,'shirt',9.99,9.99)
;
